Workbook
Name Category: #REF!
Name Category: #REF!

Sheet Cover
C2: TEST CASE API
B4: Project Name | C4: Website đặt vé xem phim | F4: Creator | G4: chaudnmFX27881
B5: Project Code | F5: Reviewer/Approver
B6: Document Code | F6: Issue Date
F7: Version
B10: Record of change
B11: Change Date | C11: Change Item | D11: Change description | E11: ID Name | F11: Note

Sheet TestReport
B1: TEST REPORT
B3: Project Name | C3: =Cover!C4 -> Website đặt vé xem phim | E3: Creator | G3: =Cover!G4 -> chaudnmFX27881
B4: Project Code | E4: Reviewer/Approver
B5: Document Code | E5: Issue Date
B6: Notes
B10: No | C10: Test Items | D10: Pass | E10: Fail | F10: NT | G10: N/A | H10: Number of test cases
B11: 1 | C11: UC001_Đăng Ký | D11: ='UC001_Đăng Ký'!A5 -> 4 | E11: ='UC001_Đăng Ký'!B5 -> 8 | F11: ='UC001_Đăng Ký'!C5 -> 0 | G11: ='UC001_Đăng Ký'!D5 -> 0 | H11: =SUM(D11:G11) -> 12
B12: 1 | C12: UC002_Đăng Nhập | D12: ='UC002_Đăng Nhập'!A5 -> 6 | E12: ='UC002_Đăng Nhập'!B5 -> 7 | F12: ='UC002_Đăng Nhập'!C5 -> 0 | G12: ='UC002_Đăng Nhập'!D5 -> 0 | H12: ='UC002_Đăng Nhập'!E5 -> 13
B13: 1 | C13: UC003_Danh Sách Phim | D13: ='UC003_Danh Sách Phim'!A5 -> 6 | E13: ='UC003_Danh Sách Phim'!B5 -> 1 | F13: ='UC003_Danh Sách Phim'!C5 -> 0 | G13: ='UC003_Danh Sách Phim'!D5 -> 0 | H13: ='UC003_Danh Sách Phim'!F5 -> 7
B14: 1 | C14: UC004_Danh Sách Rạp | D14: ='UC003_Danh Sách Phim'!A5 -> 6 | E14: ='UC003_Danh Sách Phim'!B5 -> 1 | F14: ='UC003_Danh Sách Phim'!C5 -> 0 | G14: ='UC003_Danh Sách Phim'!D5 -> 0 | H14: ='UC003_Danh Sách Phim'!F5 -> 7
B15: 1 | C15: UC005_Chi Tiết Phim | D15: ='UC005_Chi Tiết Phim'!A5 -> 0 | E15: ='UC005_Chi Tiết Phim'!B5 -> 0 | F15: ='UC005_Chi Tiết Phim'!C5 -> 0 | G15: ='UC005_Chi Tiết Phim'!D5 -> 0 | H15: ='UC005_Chi Tiết Phim'!E5 -> 0
B16: 1
C18: Sub total | D18: =SUM(D11:D17) -> 22 | E18: =SUM(E11:E17) -> 17 | F18: =SUM(F11:F17) -> 0 | G18: =SUM(G11:G17) -> 0 | H18: =SUM(H11:H17) -> 39
C20: Test coverage | E20: =($D18+$E18)*100/$H18 -> 100 | F20: %
C21: Test successful coverage | E21: =$D18*100/($D18+$E18) -> 56.410256 | F21: %
B23: Test Items | C23: Pass | D23: Fail | E23: NT | F23: N/A | G23: Number of test cases
B24: Sub total | C24: =SUM(D11:D17) -> 22 | D24: =SUM(E11:E17) -> 17 | E24: =SUM(F11:F17) -> 0 | F24: =SUM(G11:G17) -> 0 | G24: =SUM(H17:H23) -> 39

Sheet UC001_Đăng Ký
A1: Item Test | B1: Software Testing
A2: Test requirement | B2: Ensure that all features listed below work properly without any errors when using the below browsers. - Edge in latest version - Google Chrome in latest version
A3: Tester | B3: Đoàn Ngọc Minh Châu
A4: Pass | B4: Fail | C4: NT | D4: N/A | F4: Number of Test cases
A5: =COUNTIF(G:G,"Pass") -> 4 | B5: =COUNTIF(G:G,"Fail") -> 8 | C5: =COUNTIF(G:G,"NT") -> 0 | D5: =COUNTIF(G:G,"N/A") -> 0 | F5: =SUM(A5:D5) -> 12
A6: % | B6: % | C6: % | D6: %
A8: ID | B8: Test Case Description | C8: Pre-condition | D8: Test Case Produre | E8: Expected Output | F8: Expected Result | G8: Result | H8: Defect_ID | I8: Attachment | J8: Priority | K8: Test date | L8: Tester | M8: Note
A10: =IF(AND(E10=""),"","["&TEXT($B$1,"##")&"-"&TEXT(ROW()-9- COUNTBLANK($F$8:F9) +1,"##")&"]") -> [Software Testing-1] | B10: Đăng ký thành công | C10: Mở Postman Method: POST | D10: "1. Add request ""TC01_Register_Success" 2. Chọn method Post 3. Nhập URL: https://movie0706.cybersoft.edu.vn/api/QuanLyNguoiDung/DangKy 4. Nhập Body: {"taiKhoan": "astroboy11", "matKhau": "abcd123411", "email": "acb111@funix.edu.com", "soDt": "01234567811", "maNhom": "GP02", "maLoaiNguoiDung": "Khach", "hoTen": "Le Hieu" } 5.Viết Scripts/Post-response: pm.test("Đăng ký thành công", function () { pm.response.to.have.status(200); }); // Kiểm tra Response Time pm.test("Response time < 3000ms", function () { pm.expect(pm.response.responseTime).to.be.below(3000); }); // Kiểm tra Content-Type pm.test("Content-Type is JSON", function () { pm.expect(pm.response.headers.get("Content-Type")).to.include("application/json"); }); // Kiểm tra Response Body let jsonData = pm.response.json(); pm.test("Register successfully", function () { pm.expect(jsonData).to.have.property("content"); }); | E10: Trong Test Result: PASSED: Đăng ký thành công PASSED: Response time < 3000ms PASSED: Content-Type is JSON | F10: Tạo tài khoản thành công, HTTP 200 | G10: Pass | J10: High | L10: =B3 -> Đoàn Ngọc Minh Châu
A11: =IF(AND(E11=""),"","["&TEXT($B$1,"##")&"-"&TEXT(ROW()-9- COUNTBLANK($F$8:F10) +1,"##")&"]") -> [Software Testing-2] | B11: Đăng ký Tài khoản đã tồn tại | C11: Mở Postman Method: POST | D11: "1. Add request ""TC02_DuplicateUser" 2. Chọn method Post 3. Nhập URL: https://movie0706.cybersoft.edu.vn/api/QuanLyNguoiDung/DangKy 4. Nhập Body: { "taiKhoan": "astroboy11", "matKhau": "abcd123411", "email": "acb111@funix.edu.com", "soDt": "01234567811", "maNhom": "GP02", "maLoaiNguoiDung": "Khach", "hoTen": "Le Hieu" } 5.Viết Scripts/Post-response: pm.test("Đăng ký thành công", function () { pm.response.to.have.status(200); }); // Kiểm tra Response Time pm.test("Response time < 3000ms", function () { pm.expect(pm.response.responseTime).to.be.below(3000); }); | E11: Trong Test Result: PASSED: Đăng ký thành công PASSED: Response time < 3000ms | F11: API từ chối đăng ký, thông báo tài khoản đã tồn tại | G11: Fail | H11: BugID_ 01 | J11: High | L11: Đoàn Ngọc Minh Châu
A12: =IF(AND(E12=""),"","["&TEXT($B$1,"##")&"-"&TEXT(ROW()-9- COUNTBLANK($F$8:F11) +1,"##")&"]") -> [Software Testing-3] | B12: Đăng ký Email sai định dạng | C12: Mở Postman Method: POST | D12: "1. Add request ""TC03_InvalidEmail" 2. Chọn method Post 3. Nhập URL: https://movie0706.cybersoft.edu.vn/api/QuanLyNguoiDung/DangKy 4. Nhập Body: { "taiKhoan": "astroboy12", "matKhau": "abcd123412", "email": "abc789", "soDt": "0987654312", "maNhom": "GP02", "maLoaiNguoiDung": "Khach", "hoTen": "Email sai định dạng" } 5.Viết Scripts/Post-response: pm.test("Đăng ký thành công", function () { pm.response.to.have.status(200); }); // Kiểm tra Response Time pm.test("Response time < 3000ms", function () { pm.expect(pm.response.responseTime).to.be.below(3000); }); | E12: Trong Test Result: FAIL: Status code is 500 | AssertionError: expected response to have status code 500 but got 200 PASSED: Response time < 3000ms FAIL: Response contains error message | AssertionError: expected { taiKhoan: 'astroboy12', …(6) } to have property 'content' | F12: Từ chối request, thông báo email không hợp lệ | G12: Fail | H12: BugID_ 02 | J12: High | L12: Đoàn Ngọc Minh Châu
A13: =IF(AND(E13=""),"","["&TEXT($B$1,"##")&"-"&TEXT(ROW()-9- COUNTBLANK($F$8:F12) +1,"##")&"]") -> [Software Testing-4] | B13: Đăng ký Thiếu tài khoản | C13: Mở Postman Method: POST | D13: "1. Add request ""TC04_Register_EmptyUsername" 2. Chọn method Post 3. Nhập URL: https://movie0706.cybersoft.edu.vn/api/QuanLyNguoiDung/DangKy 4. Nhập Body: { "taiKhoan": "", "matKhau": "abcd12355", "email": "ewemail001@gmail.com", "soDt": "0987654321", "maNhom": "GP02", "maLoaiNguoiDung": "Khach", "hoTen": "Empty Username " } 5.Viết Scripts/Post-response: pm.test("Status code is 400", function () { pm.response.to.have.status(400); }); // Kiểm tra Response Time pm.test("Response time < 3000ms", function () { pm.expect(pm.response.responseTime).to.be.below(3000); }); // Kiểm tra Response Body let jsonData = pm.response.json(); pm.test("Response contains error message", function () { pm.expect(jsonData).to.have.property("content"); }); | E13: 500 Internal Server Error Raw: Tài khoản đã tồn tại | F13: Không cho đăng ký, thông báo lỗi phù hợp | G13: Fail | H13: BugID_ 03 | J13: High | L13: Đoàn Ngọc Minh Châu | M13: 500
A14: =IF(AND(E15=""),"","["&TEXT($B$1,"##")&"-"&TEXT(ROW()-9- COUNTBLANK($F$8:F13) +1,"##")&"]") -> [Software Testing-5] | B14: Đăng ký Thiếu mật khẩu | C14: Mở Postman Method: POST | D14: "1. Add request ""TC05_Register_EmptyPassword" 2. Chọn method Post 3. Nhập URL: https://movie0706.cybersoft.edu.vn/api/QuanLyNguoiDung/DangKy 4. Nhập Body: { "taiKhoan": "test1_empty_password", "matKhau": "", "email": "eemail005@gmail.com", "soDt": "0887654321", "maNhom": "GP02", "maLoaiNguoiDung": "Khach", "hoTen": "Empty password " } 5.Viết Scripts/Post-response: pm.test("Status code is 500", function () { pm.response.to.have.status(500); }); // Kiểm tra Response Time pm.test("Response time < 3000ms", function () { pm.expect(pm.response.responseTime).to.be.below(3000); }); // Kiểm tra Response Body let jsonData = pm.response.json(); pm.test("Response contains error message", function () { pm.expect(jsonData).to.have.property("content"); }); | E14: 500 Internal Server Error Raw: Tài khoản đã tồn tại | F14: Không cho đăng ký | G14: Fail | H14: BugID_ 04 | J14: High | L14: Đoàn Ngọc Minh Châu | M14: 200
A15: =IF(AND(E16=""),"","["&TEXT($B$1,"##")&"-"&TEXT(ROW()-9- COUNTBLANK($F$8:F14) +1,"##")&"]") -> [Software Testing-6] | B15: Đăng ký SĐT sai định dạng | C15: Mở Postman Method: POST | D15: "1. Add request ""TC06 – Register_InvalidPhoneNumber" 2. Chọn method Post 3. Nhập URL: https://movie0706.cybersoft.edu.vn/api/QuanLyNguoiDung/DangKy 4. Nhập Body: { "taiKhoan": "Test3_invalidphone", "matKhau": "abcd1245", "email": "ewemil3001@gmail.com", "soDt": "abc45", "maNhom": "GP02", "maLoaiNguoiDung": "Khach", "hoTen": "Test_invalidphone" } 5.Viết Scripts/Post-response: pm.test("Status code is 400", function () { pm.response.to.have.status(400); }); pm.test("Response time < 3000ms", function () { pm.expect(pm.response.responseTime).to.be.below(3000); }); let jsonData = pm.response.json(); pm.test("Response contains error", function () { pm.expect(jsonData).to.have.property("content"); }); | E15: 500 Internal Server Error Raw: Tài khoản đã tồn tại | F15: Từ chối dữ liệu không hợp lệ | G15: Fail | H15: BugID_ 05 | J15: Medium | L15: Đoàn Ngọc Minh Châu
A16: =IF(AND(E16=""),"","["&TEXT($B$1,"##")&"-"&TEXT(ROW()-9- COUNTBLANK($F$8:F15) +1,"##")&"]") -> [Software Testing-7] | B16: Đăng ký Sai Endpoint | C16: Mở Postman Method: POST Endpoint:/api/DangKy | D16: "1. Add request ""TC07_Register_InvalidEndpoint" 2. Chọn method Post 3. Nhập URL: https://movie0706.cybersoft.edu.vn/api/DangKy 4. Nhập Body: { "taiKhoan": "test1_empty_password", "matKhau": "", "email": "eemail005@gmail.com", "soDt": "0887654321", "maNhom": "GP02", "maLoaiNguoiDung": "Khach", "hoTen": "Empty password " } 5.Viết Scripts/Post-response: pm.test("Status code is 500", function () { pm.response.to.have.status(500); }); // Kiểm tra Response Time pm.test("Response time < 3000ms", function () { pm.expect(pm.response.responseTime).to.be.below(3000); }); // Kiểm tra Response Body let jsonData = pm.response.json(); pm.test("Response contains error message", function () { pm.expect(jsonData).to.have.property("content"); }); | E16: Trong Test Result: PASSED: Status code is 404 FAIL: Message is Not Found | AssertionError: expected '' to include 'Not Found' PASSED: Response time < 3000ms FAIL: Response body is not empty | AssertionError: expected '' not to be empty | F16: HTTP 404 Not Found | G16: Pass | J16: High | L16: Đoàn Ngọc Minh Châu
A17: =IF(AND(E17=""),"","["&TEXT($B$1,"##")&"-"&TEXT(ROW()-9- COUNTBLANK($F$8:F16) +1,"##")&"]") -> [Software Testing-8] | B17: Đăng ký Sai Method | C17: Mở Postman Method: GET | D17: "1. Add request ""TC08_Register_WrongMethod" 2. Chọn method GET 3. Nhập URL: https://movie0706.cybersoft.edu.vn/api/QuanLyNguoiDung/DangKy 4. Nhập Body: { "taiKhoan": "astroboy12", "matKhau": "abcd123412", "email": "acb112@funix.edu.com", "soDt": "01234567812", "maNhom": "GP02", "maLoaiNguoiDung": "Khach", "hoTen": "Le Hieu" } 5.Viết Scripts/Post-response: pm.test("Status code is 404", function () { pm.response.to.have.status(404); }); pm.test("Response time < 3000ms", function () { pm.expect(pm.response.responseTime).to.be.below(3000); }); pm.test("Response body is not empty", function () { pm.expect(pm.response.text()).to.not.be.empty; }); | E17: Trong Test Result: PASSED: Status code is 404 PASSED: Response time < 3000ms FAIL: Response body is not empty | AssertionError: expected '' not to be empty | F17: Không đăng ký được | G17: Pass | J17: High | L17: Đoàn Ngọc Minh Châu
A18: =IF(AND(E18=""),"","["&TEXT($B$1,"##")&"-"&TEXT(ROW()-9- COUNTBLANK($F$8:F17) +1,"##")&"]") -> [Software Testing-9] | B18: Đăng ký Thiếu email | C18: Mở Postman Method: POST | D18: "1. Add request ""TC09_Register_MissingEmail" 2. Chọn method Post 3. Nhập URL: https://movie0706.cybersoft.edu.vn/api/QuanLyNguoiDung/DangKy 4. Nhập Body: { "taiKhoan": "astroboy11", "matKhau": "abcd12355", "email": "", "soDt": "0987654321", "maNhom": "GP02", "maLoaiNguoiDung": "Khach", "hoTen": "Empty Username " } 5.Viết Scripts/Post-response: pm.test("Status code is 500", function () { pm.response.to.have.status(500); }); // Kiểm tra Response Time pm.test("Response time < 3000ms", function () { pm.expect(pm.response.responseTime).to.be.below(3000); }); // Kiểm tra Response Body let jsonData = pm.response.json(); pm.test("Response contains error message", function () { pm.expect(jsonData).to.have.property("content"); }); | E18: 500 Internal Server Error Raw: Tài khoản đã tồn tại | F18: Từ chối request | G18: Fail | H18: BugID_ 06 | J18: High | L18: Đoàn Ngọc Minh Châu
A19: =IF(AND(E19=""),"","["&TEXT($B$1,"##")&"-"&TEXT(ROW()-9- COUNTBLANK($F$8:F18) +1,"##")&"]") -> [Software Testing-10] | B19: Đăng ký Thiếu Số điện thoại | C19: Mở Postman Method: POST | D19: "1. Add request ""TC10_Register_MissingPhone" 2. Chọn method Post 3. Nhập URL: https://movie0706.cybersoft.edu.vn/api/QuanLyNguoiDung/DangKy 4. Nhập Body: { "taiKhoan": "astroboy11", "matKhau": "abcd123411", "email": "acb111@funix.edu.com", "soDt": "", "maNhom": "GP02", "maLoaiNguoiDung": "Khach", "hoTen": "Le Hieu" } 5.Viết Scripts/Post-response: pm.test("Status code is 500", function () { pm.response.to.have.status(500); }); // Kiểm tra Response Time pm.test("Response time < 3000ms", function () { pm.expect(pm.response.responseTime).to.be.below(3000); }); // Kiểm tra Response Body let jsonData = pm.response.json(); pm.test("Response contains error message", function () { pm.expect(jsonData).to.have.property("content"); }); | E19: 500 Internal Server Error Raw: Tài khoản đã tồn tại | F19: Từ chối request | G19: Fail | H19: BugID_ 07 | J19: Medium | L19: Đoàn Ngọc Minh Châu
A20: =IF(AND(E20=""),"","["&TEXT($B$1,"##")&"-"&TEXT(ROW()-9- COUNTBLANK($F$8:F19) +1,"##")&"]") -> [Software Testing-11] | B20: Đăng ký bỏ trống cả họ và tên | C20: Mở Postman Method: POST | D20: "1. Add request ""TC11_Register_MissingFullName" 2. Chọn method Post 3. Nhập URL: https://movie0706.cybersoft.edu.vn/api/QuanLyNguoiDung/DangKy 4. Nhập Body: { "taiKhoan": "astroboy12", "matKhau": "abcd123412", "email": "acb112@funix.edu.com", "soDt": "01234567812", "maNhom": "GP02", "maLoaiNguoiDung": "Khach", "hoTen": "" } 5.Viết Scripts/Post-response: pm.test("Status code is 500", function () { pm.response.to.have.status(500); }); pm.test("Response time < 3000ms", function () { pm.expect(pm.response.responseTime).to.be.below(3000); }); let jsonData = pm.response.json(); pm.test("Response contains error", function () { pm.expect(jsonData).to.have.property("content"); }); | E20: 500 Internal Server Error Raw: Tài khoản đã tồn tại | F20: Từ chối request | G20: Pass | H20: BugID_ 04 | J20: Medium | L20: Đoàn Ngọc Minh Châu
A21: =IF(AND(E21=""),"","["&TEXT($B$1,"##")&"-"&TEXT(ROW()-9- COUNTBLANK($F$8:F20) +1,"##")&"]") -> [Software Testing-12] | B21: Đăng ký khi Body rỗng | C21: Mở Postman Method: POST | D21: "1. Add request ""TC12_Register_EmptyBody" 2. Chọn method Post 3. Nhập URL: https://movie0706.cybersoft.edu.vn/api/QuanLyNguoiDung/DangKy 4. Nhập Body: {} 5.Viết Scripts/Post-response: pm.test("Status code is 400", function () { pm.response.to.have.status(400); }); pm.test("Response time < 3000ms", function () { pm.expect(pm.response.responseTime).to.be.below(3000); }); let jsonData = pm.response.json(); pm.test("Response contains error", function () { pm.expect(jsonData).to.have.property("content"); }); | E21: 500 Internal Server Error | F21: HTTP 400 hoặc lỗi validation phù hợp | G21: Fail | H21: BugID_ 08 | J21: High | L21: Đoàn Ngọc Minh Châu

Sheet UC002_Đăng Nhập
A1: Item Test | B1: Software Testing
A2: Test requirement | B2: Ensure that all features listed below work properly without any errors when using the below browsers. - Edge in latest version - Google Chrome in latest version
A3: Tester
A4: Pass | B4: Fail | C4: NT | D4: N/A | E4: Number of Test cases
A5: =COUNTIF(G:G,"Pass") -> 6 | B5: =COUNTIF(G:G,"Fail") -> 7 | C5: =COUNTIF(G:G,"Untested") -> 0 | D5: =COUNTIF(G:G,"N/A") -> 0 | E5: =SUM(A5:D5) -> 13
A6: % | B6: % | C6: % | D6: %
A8: ID | B8: Test Case Description | C8: Pre-condition | D8: Test Case Produre | E8: Expected Output | F8: Expected Result | G8: Result | H8: Defect_ID | I8: Attachment | J8: Priority | K8: Test date | L8: Tester | M8: Note
A10: =IF(AND(F11=""),"","["&TEXT($B$1,"##")&"-"&TEXT(ROW()-9- COUNTBLANK($E$9:E10) +1,"##")&"]") -> [Software Testing-1] | B10: Đăng nhập thành công | C10: Mở Postman Method: POST | D10: "1. Add request ""TC01_Login_Success" 2. Chọn method Post 3. Nhập URL: https://movie0706.cybersoft.edu.vn//api/QuanLyNguoiDung/DangNhap 4. Nhập Body: { "taiKhoan": "astroboy3", "matKhau": "abcd12345" } 5.Viết Scripts/Post-response: pm.test("Status code is 200", function () { pm.response.to.have.status(200); }); pm.test("Response time < 3000ms", function () { pm.expect(pm.response.responseTime).to.be.below(3000); }); let jsonData = pm.response.json(); pm.test("Username is correct", function () { pm.expect(jsonData.taiKhoan).to.eql("astroboy3"); }); pm.test("Access Token is generated", function () { pm.expect(jsonData.accessToken).to.not.be.empty; }); | E10: Trong Test Result: PASSED: Đăng nhập thành công PASSED: Response time < 3000ms PASSED: Username is correct PASSED: Access Token is generated | F10: 200 OK | G10: Pass | J10: High
A11: =IF(AND(F11=""),"","["&TEXT($B$1,"##")&"-"&TEXT(ROW()-9- COUNTBLANK($E$9:E10) +1,"##")&"]") -> [Software Testing-2] | B11: Sai mật khẩu | C11: Mở Postman Method: POST | D11: "1. Add request ""TC02_Login_WrongPassword" 2. Chọn method Post 3. Nhập URL: https://movie0706.cybersoft.edu.vn//api/QuanLyNguoiDung/DangNhap 4. Nhập Body: { "taiKhoan": "astroboy3", "matKhau": "wrongabcd12345" } 5.Viết Scripts/Post-response: pm.test("Status code is 500", function () { pm.response.to.have.status(500); }); pm.test("Response time < 3000ms", function () { pm.expect(pm.response.responseTime).to.be.below(3000); }); let jsonData = pm.response.json(); // Kiểm tra nội dung thông báo lỗi pm.test("Wrong password message", function () { pm.expect(jsonData.message).to.include("Tài khoản hoặc mật khẩu không đúng"); }); | E11: 500 Internal Server Error Raw: Tài khoản hoặc mật khẩu không đúng! | F11: 400 Bad Request | G11: Fail | H11: BugID_ 09 | J11: High | L11: 500 Internal Server Error
A12: =IF(AND(F12=""),"","["&TEXT($B$1,"##")&"-"&TEXT(ROW()-9- COUNTBLANK($E$9:E11) +1,"##")&"]") -> [Software Testing-3] | B12: Sai tài khoản | C12: Mở Postman Method: POST | D12: "1. Add request ""TC03_Login_wrongusername" 2. Chọn method Post 3. Nhập URL: https://movie0706.cybersoft.edu.vn//api/QuanLyNguoiDung/DangNhap 4. Nhập Body: { "taiKhoan": "wrongusername_123", "matKhau": "abcd12345" } 5.Viết Scripts/Post-response: pm.test("Status code is 500", function () { pm.response.to.have.status(500); }); pm.test("Response time < 3000ms", function () { pm.expect(pm.response.responseTime).to.be.below(3000); }); let jsonData = pm.response.json(); // Kiểm tra nội dung thông báo lỗi pm.test("Wrong username message", function () { pm.expect(jsonData.message).to.include("Tài khoản hoặc mật khẩu không đúng"); }); | E12: 501 Internal Server Error Raw: Tài khoản hoặc mật khẩu không đúng! | F12: HTTP 400 Bad Request, thông báo "Tài khoản hoặc mật khẩu không đúng!" | G12: Fail | H12: BugID_ 10 | J12: High
A13: =IF(AND(F13=""),"","["&TEXT($B$1,"##")&"-"&TEXT(ROW()-9- COUNTBLANK($E$9:E12) +1,"##")&"]") -> [Software Testing-4] | B13: Thiếu tài khoản | C13: Mở Postman Method: POST | D13: "1. Add request ""TC04_Login_EmptyUsername" 2. Chọn method Post 3. Nhập URL: https://movie0706.cybersoft.edu.vn//api/QuanLyNguoiDung/DangNhap 4. Nhập Body: { "taiKhoan": "", "matKhau": "abcd12345" } 5.Viết Scripts/Post-response: // Kiểm tra Status Code pm.test("Status code is 400", function () { pm.response.to.have.status(400); }); // Kiểm tra Response Time pm.test("Response time < 3000ms", function () { pm.expect(pm.response.responseTime).to.be.below(3000); }); // Kiểm tra Response Body let jsonData = pm.response.json(); pm.test("Response contains validation error", function () { pm.expect(jsonData[""][0]).to.eql("The input was not valid."); }); | E13: 400 Bad Request Trong Test Result: PASSED: Status code is 400 PASSED: Response time < 3000ms PASSED: Reponse contains validation error | F13: 400 Bad Request Trong Test Result: PASSED: Status code is 400 PASSED: Response time < 3000ms PASSED: Reponse contains validation error | G13: Pass | J13: Medium
A14: =IF(AND(F14=""),"","["&TEXT($B$1,"##")&"-"&TEXT(ROW()-9- COUNTBLANK($E$9:E13) +1,"##")&"]") -> [Software Testing-5] | B14: Thiếu mật khẩu | C14: Mở Postman Method: POST | D14: "1. Add request ""TC05_Login_EmptyPassword" 2. Chọn method Post 3. Nhập URL: https://movie0706.cybersoft.edu.vn//api/QuanLyNguoiDung/DangNhap 4. Nhập Body: { "taiKhoan": "astroboy3", "matKhau": "" } 5.Viết Scripts/Post-response: pm.test("Status code is 500", function () { pm.response.to.have.status(500); }); pm.test("Response time < 3000ms", function () { pm.expect(pm.response.responseTime).to.be.below(3000); }); let jsonData = pm.response.json(); // Kiểm tra nội dung thông báo lỗi pm.test("Wrong username message", function () { pm.expect(jsonData.message).to.include("Tài khoản hoặc mật khẩu không đúng"); }); | E14: 400 Bad Request Trong Test Result: PASSED: Status code is 400 PASSED: Response time < 3000ms PASSED: Reponse contains validation error | F14: HTTP 400 Bad Request. Không cho đăng nhập. | G14: Pass | J14: High
A15: =IF(AND(F15=""),"","["&TEXT($B$1,"##")&"-"&TEXT(ROW()-9- COUNTBLANK($E$9:E14) +1,"##")&"]") -> [Software Testing-6] | B15: Sai Method | C15: Mở Postman Method: GET | D15: "1. Add request ""TC06_Login_InvalidMethod" 2. Chọn method GET 3. Nhập URL: https://movie0706.cybersoft.edu.vn//api/QuanLyNguoiDung/DangNhap 4. Nhập Body: { "taiKhoan": "astroboy3", "matKhau": "" } 5.Viết Scripts/Post-response: pm.test("Status code is 404", function () { pm.response.to.have.status(404); }); pm.test("Response time < 3000ms", function () { pm.expect(pm.response.responseTime).to.be.below(3000); }); | E15: 404 Not Found Trong Test Result: PASSED: Status code is 404 PASSED: Response time < 3000ms | F15: 404 Not Found | G15: Pass | J15: Medium
A16: =IF(AND(F16=""),"","["&TEXT($B$1,"##")&"-"&TEXT(ROW()-9- COUNTBLANK($E$9:E15) +1,"##")&"]") -> [Software Testing-7] | B16: Sai Endpoint | C16: Mở Postman Method: POST | D16: "1. Add request ""TC05_Login_EmptyPassword" 2. Chọn method Post 3. Nhập URL: https://movie0706.cybersoft.edu.vn//api/QuanLyNguoiDung/DangNhap 4. Nhập Body: { "taiKhoan": "astroboy3", "matKhau": "" } 5.Viết Scripts/Post-response: pm.test("Status code is 500", function () { pm.response.to.have.status(500); }); pm.test("Response time < 3000ms", function () { pm.expect(pm.response.responseTime).to.be.below(3000); }); let jsonData = pm.response.json(); // Kiểm tra nội dung thông báo lỗi pm.test("Wrong username message", function () { pm.expect(jsonData.message).to.include("Tài khoản hoặc mật khẩu không đúng"); }); | E16: 404 Not Found Trong Test Result: PASSED: Status code is 404 PASSED: Response time < 3000ms | F16: HTTP 404 Not Found | G16: Pass
A17: =IF(AND(F17=""),"","["&TEXT($B$1,"##")&"-"&TEXT(ROW()-9- COUNTBLANK($E$9:E16) +1,"##")&"]") -> [Software Testing-8] | B17: Đăng nhập Body rỗng | C17: Mở Postman Method: POST | D17: "1. Add request ""TC08_Login_EmptyBody" 2. Chọn method Post 3. Nhập URL: https://movie0706.cybersoft.edu.vn//api/QuanLyNguoiDung/DangNhap 4. Nhập Body: {} 5.Viết Scripts/Post-response: pm.test("Status code is 500", function () { pm.response.to.have.status(500); }); pm.test("Response time < 3000ms", function () { pm.expect(pm.response.responseTime).to.be.below(3000); }); | E17: 500 Internal Server Error Trong Test Result: PASSED: Status code is 500 PASSED: Response time < 3000ms | F17: 404 Not Found | G17: Fail | H17: BugID_ 11
A18: =IF(AND(F18=""),"","["&TEXT($B$1,"##")&"-"&TEXT(ROW()-9- COUNTBLANK($E$9:E17) +1,"##")&"]") -> [Software Testing-9] | B18: Đăng nhập Tài khoản Null | C18: Mở Postman Method: POST | D18: "1. Add request ""TC09_Login_NullUsername" 2. Chọn method Post 3. Nhập URL: https://movie0706.cybersoft.edu.vn//api/QuanLyNguoiDung/DangNhap 4. Nhập Body: { "taiKhoan": null, "matKhau": "123456" } 5.Viết Scripts/Post-response: pm.test("Status code is 500", function () { pm.response.to.have.status(500); }); pm.test("Response time < 3000ms", function () { pm.expect(pm.response.responseTime).to.be.below(3000); }); | E18: 500 Internal Server Error Trong Test Result: PASSED: Status code is 500 PASSED: Response time < 3000ms | F18: HTTP 400 Bad Request | G18: Fail | H18: BugID_ 12
A19: =IF(AND(F19=""),"","["&TEXT($B$1,"##")&"-"&TEXT(ROW()-9- COUNTBLANK($E$9:E18) +1,"##")&"]") -> [Software Testing-10] | B19: Đăng nhập Mật khẩu Null | C19: Mở Postman Method: POST | D19: "1. Add request ""TC010_Login_NullPassword" 2. Chọn method Post 3. Nhập URL: https://movie0706.cybersoft.edu.vn//api/QuanLyNguoiDung/DangNhap 4. Nhập Body: { "taiKhoan": "astroboy3", "matKhau": null } 5.Viết Scripts/Post-response: pm.test("Status code is 500", function () { pm.response.to.have.status(500); }); pm.test("Response time < 3000ms", function () { pm.expect(pm.response.responseTime).to.be.below(3000); }); | E19: 500 Internal Server Error Trong Test Result: PASSED: Status code is 500 PASSED: Response time < 3000ms | F19: HTTP 400 Bad Request | G19: Fail | H19: BugID_ 13
A20: =IF(AND(F20=""),"","["&TEXT($B$1,"##")&"-"&TEXT(ROW()-9- COUNTBLANK($E$9:E19) +1,"##")&"]") -> [Software Testing-11] | B20: Đăng nhập Bỏ trống Tài khoản và mật khẩu | C20: Mở Postman Method: POST | D20: "1. Add request ""TC011_Login_EmptyUsernameAndPassword" 2. Chọn method Post 3. Nhập URL: https://movie0706.cybersoft.edu.vn//api/QuanLyNguoiDung/DangNhap 4. Nhập Body: { "taiKhoan": "", "matKhau": "" } 5.Viết Scripts/Post-response: pm.test("Status code is 500", function () { pm.response.to.have.status(500); }); pm.test("Response time < 3000ms", function () { pm.expect(pm.response.responseTime).to.be.below(3000); }); | E20: 501 Internal Server Error Trong Test Result: PASSED: Status code is 500 PASSED: Response time < 3000ms | F20: HTTP 400 Bad Request, không cho đăng nhập | G20: Fail | H20: BugID_ 14
A21: =IF(AND(F21=""),"","["&TEXT($B$1,"##")&"-"&TEXT(ROW()-9- COUNTBLANK($E$9:E20) +1,"##")&"]") -> [Software Testing-12] | B21: Đăng nhập Tài khoản quá ngắn | C21: Mở Postman Method: POST | D21: "1. Add request ""TC012_Login_ShortUsername" 2. Chọn method Post 3. Nhập URL: https://movie0706.cybersoft.edu.vn//api/QuanLyNguoiDung/DangNhap 4. Nhập Body: { "taiKhoan": "a", "matKhau": "abcd12345" } 5.Viết Scripts/Post-response: pm.test("Status code is 500", function () { pm.response.to.have.status(500); }); pm.test("Response time < 3000ms", function () { pm.expect(pm.response.responseTime).to.be.below(3000); }); | E21: 501 Internal Server Error Trong Test Result: PASSED: Status code is 500 PASSED: Response time < 3000ms | F21: HTTP 400 Bad Request, không cho đăng nhập | G21: Fail | H21: BugID_ 15
A22: =IF(AND(F22=""),"","["&TEXT($B$1,"##")&"-"&TEXT(ROW()-9- COUNTBLANK($E$9:E21) +1,"##")&"]") -> [Software Testing-13] | B22: Đăng nhập mật khẩu quá ngắn | C22: Mở Postman Method: POST | D22: "1. Add request ""TC013_Login_ShortPassword" 2. Chọn method Post 3. Nhập URL: https://movie0706.cybersoft.edu.vn//api/QuanLyNguoiDung/DangNhap 4. Nhập Body: { "taiKhoan": "aastroboy3", "matKhau": "a" } 5.Viết Scripts/Post-response: pm.test("Status code is 400", function () { pm.response.to.have.status(400); }); // Kiểm tra Response Time pm.test("Response time < 3000ms", function () { pm.expect(pm.response.responseTime).to.be.below(3000); }); | E22: HTTP 400 Bad Request, "The input was not valid." | F22: HTTP 400 Bad Request, không cho đăng nhập khi tài khoản không hợp lệ | G22: Pass

Sheet UC003_Danh Sách Phim
A1: Item Test | B1: Software Testing
A2: Test requirement | B2: Ensure that all features listed below work properly without any errors when using the below browsers. - Edge in latest version - Google Chrome in latest version
A3: Tester
A4: Pass | B4: Fail | C4: NT | D4: N/A | F4: Number of Test cases
A5: =COUNTIF(G:G,"Pass") -> 6 | B5: =COUNTIF(G:G,"Fail") -> 1 | C5: =COUNTIF(G:G,"Untested") -> 0 | D5: =COUNTIF(G:G,"N/A") -> 0 | F5: =SUM(A5:D5) -> 7
A6: % | B6: % | C6: % | D6: %
A8: ID | B8: Test Case Description | C8: Pre-condition | D8: Test Case Produre | E8: Expected Output | F8: Expected Result | G8: Result | H8: Defect_ID | I8: Attachment | J8: Priority | K8: Test date | L8: Tester | M8: Note
A10: =IF(AND(F10=""),"","["&TEXT($B$1,"##")&"-"&TEXT(ROW()-9- COUNTBLANK($F$9:F9) +1,"##")&"]") -> [Software Testing-1] | B10: Lấy danh sách phim | C10: Mở Postman Method: GET | D10: "1. Add request ""TC01_GetMovieList" 2. Chọn method GET 3. Nhập URL: https://movie0706.cybersoft.edu.vn//api/QuanLyPhim/LayDanhSachPhim?maNhom=GP02 4.Viết Scripts/Post-response: pm.test("Status code is 200", function () { pm.response.to.have.status(200); }); pm.test("Response time < 3000ms", function () { pm.expect(pm.response.responseTime).to.be.below(3000); }); // Chuyển Response sang JSON let jsonData = pm.response.json(); pm.test("Response is an array", function () { pm.expect(jsonData).to.be.an("array"); }); pm.test("Movie list is not empty", function () { pm.expect(jsonData.length).to.be.above(0); }); // Kiểm tra phần tử đầu tiên có các trường cần thiết pm.test("Movie object contains required fields", function () { pm.expect(jsonData[0]).to.have.property("maPhim"); pm.expect(jsonData[0]).to.have.property("tenPhim"); pm.expect(jsonData[0]).to.have.property("biDanh"); pm.expect(jsonData[0]).to.have.property("ngayKhoiChieu"); }); | E10: Trong Test Result: PASSED: Status code is 200 PASSED: Response time < 3000ms PASSED: Response is an array PASSED: Movie list is not empty PASSED: Movie object contains required fields | F10: Status Code = 200 Danh sách phim có ít nhất 1 phim | G10: Pass | J10: High
A11: =IF(AND(F11=""),"","["&TEXT($B$1,"##")&"-"&TEXT(ROW()-9- COUNTBLANK($F$9:F10) +1,"##")&"]") -> [Software Testing-2] | B11: Có dữ liệu phim | C11: Mở Postman Method: GET | D11: "1. Add request ""TC02_GetMovieList_WithData" 2. Chọn method GET 3. Nhập URL: https://movie0706.cybersoft.edu.vn//api/QuanLyPhim/LayDanhSachPhim?maNhom=GP02 4.Viết Scripts/Post-response: pm.test("Status code is 200", function () { pm.response.to.have.status(200); }); let jsonData = pm.response.json(); pm.test("Movie list contains data", function () { pm.expect(jsonData.length).to.be.greaterThan(0); }); | E11: Status Code = 200 Response trả về là mảnh có ít nhất 1 phim | F11: Status Code = 200 Response trả về là mảnh có ít nhất 1 phim | G11: Pass | J11: High
A12: =IF(AND(F12=""),"","["&TEXT($B$1,"##")&"-"&TEXT(ROW()-9- COUNTBLANK($F$9:F11) +1,"##")&"]") -> [Software Testing-3] | B12: Danh sách không rỗng | C12: Mở Postman Method: GET | D12: "1. Add request ""TC03_GetMovieList_NotEmpty" 2. Chọn method GET 3. Nhập URL: https://movie0706.cybersoft.edu.vn//api/QuanLyPhim/LayDanhSachPhim?maNhom=GP02 4.Viết Scripts/Post-response: pm.test("Status code is 200", function () { pm.response.to.have.status(200); }); let jsonData = pm.response.json(); // Kiểm tra danh sách không rỗng pm.test("Movie list is not empty", function () { pm.expect(jsonData).to.not.be.empty; }); | E12: HTTP 200 OK Response là một mảng và không rỗng | F12: HTTP 200 OK Response là một mảng và không rỗng | J12: High
A13: =IF(AND(F13=""),"","["&TEXT($B$1,"##")&"-"&TEXT(ROW()-9- COUNTBLANK($F$9:F12) +1,"##")&"]") -> [Software Testing-4] | B13: Kiểm tra Response Time | C13: Mở Postman Method: GET | D13: "1. Add request ""TC04_ResponseTime" 2. Chọn method GET 3. Nhập URL: https://movie0706.cybersoft.edu.vn//api/QuanLyPhim/LayDanhSachPhim?maNhom=GP02 4.Viết Scripts/Post-response: pm.test("Status code is 200", function () { pm.response.to.have.status(200); }); pm.test("Response time is less than 3000ms", function () { pm.expect(pm.response.responseTime).to.be.below(3000); }); | E13: Trong Test Result: PASSED: Status code is 200 PASSED: Response time is less than 3000ms | F13: HTTP 200 OK Response time is less than 3000ms | G13: Pass | I13: Medium | J13: Medium
A14: =IF(AND(F14=""),"","["&TEXT($B$1,"##")&"-"&TEXT(ROW()-9- COUNTBLANK($F$9:F13) +1,"##")&"]") -> [Software Testing-5] | B14: Sai Endpoint | C14: Mở Postman Method: GET | D14: "1. Add request ""TC05_GetMovieList_WrongEndpoint" 2. Chọn method GET 3. Nhập URL: https://movie0706.cybersoft.edu.vn//api/LayDanhSachPhim123 4.Viết Scripts/Post-response: pm.test("Status code is 404", function () { pm.response.to.have.status(404); }); pm.test("Response time < 3000ms", function () { pm.expect(pm.response.responseTime).to.be.below(3000); }); | E14: HTTP 404 Not Found Response Time < 3000 ms. | F14: HTTP 200 OK Response Time < 3000 ms. | G14: Pass | I14: Medium | J14: Medium
A15: =IF(AND(F15=""),"","["&TEXT($B$1,"##")&"-"&TEXT(ROW()-9- COUNTBLANK($F$9:F14) +1,"##")&"]") -> [Software Testing-6] | B15: Sai Method | C15: Mở Postman Method: POST | D15: "1. Add request ""TC06_GetMovieList_WrongMethod" 2. Chọn method POST 3. Nhập URL: https://movie0706.cybersoft.edu.vn//api/QuanLyPhim/LayDanhSachPhim?maNhom=GP02 4.Viết Scripts/Post-response: pm.test("Status code is 404", function () { pm.response.to.have.status(404); }); pm.test("Response time < 3000ms", function () { pm.expect(pm.response.responseTime).to.be.below(3000); }); | E15: HTTP 404 Not Found Không trả về danh sách phim | F15: HTTP 404 Not Found Không trả về danh sách phim | G15: Pass | J15: Medium
A16: =IF(AND(F16=""),"","["&TEXT($B$1,"##")&"-"&TEXT(ROW()-9- COUNTBLANK($F$9:F15) +1,"##")&"]") -> [Software Testing-7] | B16: Lấy danh phim khi Header không hợp lệ | C16: GET | D16: "1. Add request ""TC07_GetMovieList_InvalidHeader" 2. Chọn method GET 3. Nhập URL: https://movie0706.cybersoft.edu.vn//api/QuanLyPhim/LayDanhSachPhim?maNhom=GP02 4.Viết Scripts/Post-response: pm.test("Status code is 401", function () { pm.response.to.have.status(401); }); pm.test("Response time < 3000ms", function () { pm.expect(pm.response.responseTime).to.be.below(3000); }); | E16: Status Code = 404 Unauthorized. Không trả về dữ liệu phim. | F16: Status Code = 401 Unauthorized. Không trả về dữ liệu phim. | G16: Fail | H16: BugID_ 16
A17: =IF(AND(F17=""),"","["&TEXT($B$1,"##")&"-"&TEXT(ROW()-9- COUNTBLANK($F$9:F16) +1,"##")&"]") -> [Software Testing-8] | B17: Lấy danh phim khi thiếu maNhom | C17: GET | D17: "1. Add request ""TC08_MissingMaNhom" 2. Chọn method GET 3. Nhập URL: https://movie0706.cybersoft.edu.vn//api/QuanLyPhim/LayDanhSachPhim 4.Viết Scripts/Post-response: pm.test("Status code is 200", function () { pm.response.to.have.status(200); }); pm.test("Response time < 3000ms", function () { pm.expect(pm.response.responseTime).to.be.below(3000); }); let jsonData = pm.response.json(); pm.test("Response is an array", function () { pm.expect(jsonData).to.be.an("array"); }); | E17: Status Code = 200 Trả về danh sách phim | F17: Status Code = 200 Trả về danh sách phim | G17: Pass

Sheet UC004_Danh Sách Rạp
A1: Item Test | B1: Software Testing
A2: Test requirement | B2: Ensure that all features listed below work properly without any errors when using the below browsers. - Edge in latest version - Google Chrome in latest version
A3: Tester
A4: Pass | B4: Fail | C4: NT | D4: N/A | E4: Number of Test cases
A5: =COUNTIF(F:F,"Pass") -> 0 | B5: =COUNTIF(F:F,"Pass") -> 0 | C5: =COUNTIF(F:F,"Untested") -> 0 | D5: =COUNTIF(F:F,"N/A") -> 0 | E5: =SUM(A5:D5) -> 0
A6: % | B6: % | C6: % | D6: %
A8: ID | B8: Test Case Description | C8: Pre-condition | D8: Test Case Produre | E8: Expected Output | F8: Expected Result | G8: Result | I8: Attachment | J8: Priority | K8: Test date | L8: Tester | M8: Note
A10: =IF(AND(F10=""),"","["&TEXT($B$1,"##")&"-"&TEXT(ROW()-9- COUNTBLANK($F$9:F9) +1,"##")&"]") -> [Software Testing-1] | B10: Lấy danh sách rạp | C10: Mở Postman Method: GET | D10: "1. Add request ""TC01_GetCinemaList_Success" 2. Chọn method GET 3. Nhập URL: https://movie0706.cybersoft.edu.vn/api/QuanLyRap/LayThongTinHeThongRap 4.Viết Scripts/Post-response: pm.test("Status code is 200", function () { pm.response.to.have.status(200); }); pm.test("Status code is 200", function () { pm.response.to.have.status(200); }); pm.test("Response time < 3000ms", function () { pm.expect(pm.response.responseTime).to.be.below(3000); }); let jsonData = pm.response.json(); pm.test("Response is an array", function () { pm.expect(jsonData).to.be.an("array"); }); pm.test("Cinema list is not empty", function () { pm.expect(jsonData.length).to.be.above(0); }); pm.test("Cinema contains required fields", function () { pm.expect(jsonData[0]).to.have.property("maHeThongRap"); pm.expect(jsonData[0]).to.have.property("tenHeThongRap"); pm.expect(jsonData[0]).to.have.property("logo"); }); | E10: Status Code = 200 OK. Response là mảng. Có ít nhất 1 hệ thống rạp | F10: Status Code = 200 OK. Response là mảng. Có ít nhất 1 hệ thống rạp | G10: Pass | J10: High
A11: =IF(AND(F11=""),"","["&TEXT($B$1,"##")&"-"&TEXT(ROW()-9- COUNTBLANK($F$8:F9) +1,"##")&"]") -> [Software Testing-2] | B11: Danh sách không rỗng | C11: Mở Postman Method: GET | D11: "1. Add request ""TC02_NotEmpty" 2. Chọn method GET 3. Nhập URL: https://movie0706.cybersoft.edu.vn/api/QuanLyRap/LayThongTinHeThongRap 4.Viết Scripts/Post-response: pm.test("Status code is 200", function () { pm.response.to.have.status(200); }); pm.test("Cinema list is not empty", function () { const response = pm.response.json(); pm.expect(response).to.be.an("array"); pm.expect(response.length).to.be.above(0); }); | E11: PASSED:Status code is 200 PASSED: Cinema list is not empty | F11: PASSED:Status code is 200 PASSED: Cinema list is not empty | G11: Pass | J11: High
A12: =IF(AND(F12=""),"","["&TEXT($B$1,"##")&"-"&TEXT(ROW()-9- COUNTBLANK($F$8:F10) +1,"##")&"]") -> [Software Testing-3] | B12: Response Time | C12: Mở Postman Method: GET | D12: "1. Add request ""TC03_ResponseTime" 2. Chọn method GET 3. Nhập URL: https://movie0706.cybersoft.edu.vn/api/QuanLyRap/LayThongTinHeThongRap 4.Viết Scripts/Post-response: pm.test("Status code is 200", function () { pm.response.to.have.status(200); }); pm.test("Response time is less than 3000ms", function () { pm.expect(pm.response.responseTime).to.be.below(3000); }); | E12: PASSED:Status code is 200 PASSED: Response time is less than 3000ms | F12: PASSED:Status code is 200 PASSED: Response time is less than 3000ms | G12: Pass | J12: Medium
A13: =IF(AND(F13=""),"","["&TEXT($B$1,"##")&"-"&TEXT(ROW()-9- COUNTBLANK($F$8:F12) +1,"##")&"]") -> [Software Testing-4] | B13: Sai Method | C13: Mở Postman Method: POST | D13: "1. Add request ""TC04_Wrongmethod" 2. Chọn method POST 3. Nhập URL: https://movie0706.cybersoft.edu.vn/api/QuanLyRap/LayThongTinHeThongRap 4.Viết Scripts/Post-response: pm.test("Status code is 404", function () { pm.response.to.have.status(404); }); pm.test("Response time < 3000ms", function () { pm.expect(pm.response.responseTime).to.be.below(3000); }); | E13: PASSED:Status code is 404 PASSED: Response time is less than 3000ms | F13: PASSED:Status code is 404 PASSED: Response time is less than 3000ms | G13: Pass | J13: High
A14: =IF(AND(F14=""),"","["&TEXT($B$1,"##")&"-"&TEXT(ROW()-9- COUNTBLANK($F$8:F13) +1,"##")&"]") -> [Software Testing-5] | B14: Sai Endpoint | C14: Mở Postman Method: GET | D14: "1. Add request ""TC5_WrongEndpoint" 2. Chọn method POST 3. Nhập URL: https://movie0706.cybersoft.edu.vn/api/QuanLyRap/LayThongTinHeThongRap1 4.Viết Scripts/Post-response: pm.test("Status code is 404", function () { pm.response.to.have.status(404); }); pm.test("Response time < 3000ms", function () { pm.expect(pm.response.responseTime).to.be.below(3000); }); | E14: PASSED:Status code is 404 PASSED: Response time is less than 3000ms | F14: PASSED:Status code is 404 PASSED: Response time is less than 3000ms | G14: Pass | J14: High
A15: =IF(AND(F15=""),"","["&TEXT($B$1,"##")&"-"&TEXT(ROW()-9- COUNTBLANK($F$8:F14) +1,"##")&"]") -> [Software Testing-6] | B15: Header không hợp lệ | C15: GET | D15: "1. Add request ""TC6_WrongEndpoint" 2. Chọn method GET 3. Nhập URL: https://movie0706.cybersoft.edu.vn/api/QuanLyRap/LayThongTinHeThongRap 4. Header: Authorization: abcxyz 5.Viết Scripts/Post-response: pm.test("Status code is 200", function () { pm.response.to.have.status(200); }); pm.test("Response time < 3000ms", function () { pm.expect(pm.response.responseTime).to.be.below(3000); }); let jsonData = pm.response.json(); pm.test("Cinema list is not empty", function () { pm.expect(jsonData.length).to.be.above(0); }); | E15: Status Code = 200 OK. Trả về danh sách rạp. | F15: Status Code = 200 OK. Trả về danh sách rạp. | G15: Pass | J15: Medium

Sheet UC005_Chi Tiết Phim
A1: Item Test | B1: Software Testing
A2: Test requirement | B2: Ensure that all features listed below work properly without any errors when using the below browsers. - Edge in latest version - Google Chrome in latest version
A3: Tester
A4: Pass | B4: Fail | C4: NT | D4: N/A | E4: Number of Test cases
A5: =COUNTIF(F:F,"Pass") -> 0 | B5: =COUNTIF(F:F,"Fail") -> 0 | C5: =COUNTIF(F:F,"Untested") -> 0 | D5: =COUNTIF(F:F,"N/A") -> 0 | E5: =SUM(A5:D5) -> 0
A6: % | B6: % | C6: % | D6: %
A8: ID | B8: Test Case Description | C8: Pre-condition | D8: Test Case Produre | E8: Expected Output | F8: Expected Result | G8: Result | H8: Defect_ID | I8: Attachment | J8: Priority | K8: Test date | L8: Tester | M8: Note
A10: =IF(AND(F10=""),"","["&TEXT($B$1,"##")&"-"&TEXT(ROW()-9- COUNTBLANK($F$9:F9) +1,"##")&"]") -> [Software Testing-1] | B10: Lấy chi tiết phim hợp lệ | C10: Mở Postman Method: GET | D10: "1. Add request ""TC01_GetMovieDetail" 2. Chọn method GET 3. Nhập URL: {{baseUrl}}/api/QuanLyPhim/LayThongTinPhim?MaPhim=11661 4.Viết Scripts/Post-response: pm.test("Status code is 200", function () { pm.response.to.have.status(200); }); pm.test("Response time < 3000ms", function () { pm.expect(pm.response.responseTime).to.be.below(3000); }); pm.test("Content-Type is JSON", function () { pm.expect(pm.response.headers.get("Content-Type")).to.include("application/json"); }); var jsonData = pm.response.json(); | E10: PASSED:Status code is 200 PASSED: Response time is less than 3000ms PASSED:Content-Type is JSON | F10: PASSED:Status code is 200 PASSED: Response time is less than 3000ms PASSED:Content-Type is JSON | G10: Pass | J10: High
A11: =IF(AND(F11=""),"","["&TEXT($B$1,"##")&"-"&TEXT(ROW()-9- COUNTBLANK($F$9:F10) +1,"##")&"]") -> [Software Testing-2] | B11: MaPhim không tồn tại | C11: Mở Postman Method: GET | D11: "1. Add request ""TC02_InvalidMovieId" 2. Chọn method GET 3. Nhập URL: {{baseUrl}}/api/QuanLyPhim/LayThongTinPhim?MaPhim=111111 4.Viết Scripts/Post-response: pm.test("Status code là 500", function () { pm.response.to.have.status(500); }); pm.test("Response time nhỏ hơn 3000ms", function () { pm.expect(pm.response.responseTime).to.be.below(3000); }); pm.test("Thông báo lỗi đúng", function () { pm.expect(pm.response.text()).to.include("Mã phim không hợp lệ!"); }); | E11: 500 Internal Server Error Raw: Mã phim không hợp lệ! | F11: 400/404 và thông báo lỗi phù hợp | G11: Fail | H11: BugID_ 17 | J11: High
A12: =IF(AND(F12=""),"","["&TEXT($B$1,"##")&"-"&TEXT(ROW()-9- COUNTBLANK($F$9:F11) +1,"##")&"]") -> [Software Testing-3] | B12: Thiếu MaPhim | C12: Mở Postman Method: GET | D12: "1. Add request ""TC03_Missing MovieId" 2. Chọn method GET 3. Nhập URL: https://movie0706.cybersoft.edu.vn//api/QuanLyPhim/LayDanhSachPhim 4.Viết Scripts/Post-response: pm.test("Status code là 500", function () { pm.response.to.have.status(500); }); pm.test("Response time < 3000ms", function () { pm.expect(pm.response.responseTime).to.be.below(3000); }); pm.test("Thông báo lỗi đúng", function () { pm.expect(pm.response.text()).to.include("Mã phim không hợp lệ!"); }); | E12: 500 Internal Server Error Raw: Mã phim không hợp lệ! | F12: 400 Bad Request | G12: Fail | H12: BugID_ 18 | J12: High
A13: =IF(AND(F13=""),"","["&TEXT($B$1,"##")&"-"&TEXT(ROW()-9- COUNTBLANK($F$9:F12) +1,"##")&"]") -> [Software Testing-4] | B13: MaPhim rỗng | C13: Mở Postman Method: GET | D13: "1. Add request ""TC04_MovieId is Empty" 2. Chọn method GET 3. Nhập URL: https://movie0706.cybersoft.edu.vn/api/QuanLyPhim/LayThongTinPhim?MaPhim= 4.Viết Scripts/Post-response: pm.test("Status code là 500", function () { pm.response.to.have.status(500); }); pm.test("Response time < 3000ms", function () { pm.expect(pm.response.responseTime).to.be.below(3000); }); pm.test("Thông báo lỗi đúng", function () { pm.expect(pm.response.text()).to.include("Mã phim không hợp lệ!"); }); | E13: 400 Bad Request Body: "MaPhim": [ "The value '' is invalid." ] | F13: 400 Bad Request | G13: Pass | J13: High
A14: =IF(AND(F14=""),"","["&TEXT($B$1,"##")&"-"&TEXT(ROW()-9- COUNTBLANK($F$9:F13) +1,"##")&"]") -> [Software Testing-5] | B14: Sai kiểu dữ liệu MaPhim | C14: Mở Postman Method: GET | D14: "1. Add request ""TC05_Invalid MovieIDdata" 2. Chọn method GET 3. Nhập URL: https://movie0706.cybersoft.edu.vn//api/QuanLyPhim/LayThongTinPhim?MaPhim=abc 4.Viết Scripts/Post-response: pm.test("Status code là 400", function () { pm.response.to.have.status(400); }); pm.test("Response time < 3000ms", function () { pm.expect(pm.response.responseTime).to.be.below(3000); }); pm.test("Content-Type là JSON", function () { pm.expect(pm.response.headers.get("Content-Type")).to.include("application/json"); }); | E14: 400 Bad Request Body: "MaPhim": [ "The value 'abc' is not valid." ] | F14: 400 Bad Request Body: "MaPhim": [ "The value '' is invalid." ] | G14: Pass | J14: High
A15: =IF(AND(F15=""),"","["&TEXT($B$1,"##")&"-"&TEXT(ROW()-9- COUNTBLANK($F$9:F14) +1,"##")&"]") -> [Software Testing-6] | B15: MaPhim âm | C15: Mở Postman Method: GET | D15: "1. Add request ""TC06_NegativeMovieID" 2. Chọn method GET 3. Nhập URL: https://movie0706.cybersoft.edu.vn//api/QuanLyPhim/LayThongTinPhim?MaPhim=-1 4.Viết Scripts/Post-response: pm.test("Status code là 500", function () { pm.response.to.have.status(500); }); pm.test("Response time < 3000ms", function () { pm.expect(pm.response.responseTime).to.be.below(3000); }); pm.test("Thông báo lỗi đúng", function () { pm.expect(pm.response.text()).to.include("Mã phim không hợp lệ!"); }); | E15: 500 Internal Server Error Raw: Mã phim không hợp lệ! | F15: 400 Bad Request | G15: Fail | H15: BugID_ 19 | J15: Medium
A16: =IF(AND(F16=""),"","["&TEXT($B$1,"##")&"-"&TEXT(ROW()-9- COUNTBLANK($F$9:F15) +1,"##")&"]") -> [Software Testing-7] | B16: Sai Method | C16: Mở Postman Method: POST | D16: "1. Add request ""TC07_WrongMethod" 2. Chọn method POST 3. Nhập URL: https://movie0706.cybersoft.edu.vn//api/QuanLyPhim/LayThongTinPhim?MaPhim=11661 4.Viết Scripts/Post-response: pm.test("Status code là 404", function () { pm.response.to.have.status(404); }); pm.test("Response time < 3000ms", function () { pm.expect(pm.response.responseTime).to.be.below(3000); }); | E16: 404 Not Found | F16: 404 Not Found | G16: Pass | J16: High
A17: =IF(AND(F17=""),"","["&TEXT($B$1,"##")&"-"&TEXT(ROW()-9- COUNTBLANK($F$9:F16) +1,"##")&"]") -> [Software Testing-8] | B17: Sai Endpoint | C17: Mở Postman Method: GET | D17: "1. Add request ""TC08_SaiEndpoint" 2. Chọn method GET 3. Nhập URL: https://movie0706.cybersoft.edu.vn/api/LayThongTinPhim?MaPhim=11661 4.Viết Scripts/Post-response: pm.test("Status code là 404", function () { pm.response.to.have.status(404); }); pm.test("Response time < 3000ms", function () { pm.expect(pm.response.responseTime).to.be.below(3000); }); pm.test("Content-Type là JSON hoặc Text", function () { let contentType = pm.response.headers.get("Content-Type"); pm.expect(contentType).to.exist; }); | E17: 404 Not Found | F17: 404 Not Found | G17: Pass | J17: High
A18: =IF(AND(F18=""),"","["&TEXT($B$1,"##")&"-"&TEXT(ROW()-9- COUNTBLANK($F$9:F17) +1,"##")&"]") -> [Software Testing-9] | B18: MaPhim chứa ký tự đặc biệt | C18: Mở Postman Method: GET | D18: "1. Add request ""TC09_NegativeMovieID" 2. Chọn method GET 3. Nhập URL: https://movie0706.cybersoft.edu.vn/api/QuanLyPhim/LayThongTinPhim?MaPhim=@#$% 4.Viết Scripts/Post-response: pm.test("Status code là 400", function () { pm.response.to.have.status(400); }); pm.test("Response time < 3000ms", function () { pm.expect(pm.response.responseTime).to.be.below(3000); }); pm.test("Content-Type là JSON", function () { pm.expect(pm.response.headers.get("Content-Type")).to.include("application/json"); }); | E18: 400 Bad Request Body:"MaPhim": [ "The value '@' is not valid." ] | F18: 400 Bad Request | G18: Pass

Sheet Permisison Matrix
A2: Module Code
A3: Test requirement
A4: Tester
A5: Pass | B5: Fail | C5: Untested | D5: N/A | E5: Number of Test cases
A6: % | B6: % | C6: % | D6: % | E6: %
A8: No | B8: Function List | C8: Manager | D8: Employee | E8: Director | F8: Internship | G8: Admin | H8: Result | I8: Test date | J8: Tester | K8: Note
A9: Common Role
A10: 1 | C10: Y* | D10: N | E10: Y* | F10: N | G10: Y*
A11: 2 | C11: Y* | D11: N | E11: Y* | F11: N | G11: Y*
A12: 3 | C12: Y* | D12: N | E12: Y* | F12: N | G12: Y*
A13: 4 | C13: Y* | D13: N | E13: Y* | F13: N | G13: Y*
A14: 5 | C14: Y | E14: Y | G14: Y
A15: Others
A16: 12 | C16: Y* | D16: N | E16: Y* | F16: N | G16: Y*
A17: 13 | C17: Y* | D17: N | E17: Y* | F17: N | G17: Y*
A18: 14 | C18: Y* | D18: Y* | E18: Y* | F18: Y* | G18: Y*
A19: 15 | C19: Y* | D19: Y* | E19: Y* | F19: Y* | G19: Y*
A20: 16 | C20: Y* | D20: Y* | E20: Y* | F20: Y* | G20: Y*
